timestamp,temp,humd,pres,co2,voc1,voc2,no2,eth,co,nh3,state
0,25.12,47.88,101.84,400,0,1.53,0.94,1.45,0.82,0.70,1
500,25.31,47.91,101.84,400,5,1.53,0.93,1.45,0.81,0.70,1
1000,25.56,47.92,101.84,400,6,1.53,0.93,1.45,0.81,0.70,1
1500,25.73,47.85,101.84,400,4,1.53,0.93,1.44,0.78,0.70,1
2000,25.81,47.74,101.83,400,0,1.52,0.93,1.44,0.76,0.69,1
2500,25.88,47.65,101.84,400,0,1.52,0.93,1.44,0.74,0.69,1
3000,25.92,47.51,101.84,400,6,1.52,0.93,1.44,0.72,0.69,1
3500,25.95,47.37,101.84,400,1,1.52,0.93,1.44,0.72,0.69,1
4000,25.98,47.24,101.84,400,0,1.52,0.93,1.43,0.70,0.69,1
4500,26.00,47.13,101.84,400,0,1.52,0.93,1.43,0.69,0.69,1
5000,26.02,47.01,101.83,400,0,1.52,0.93,1.43,0.68,0.69,2
5500,26.05,46.90,101.84,400,0,1.52,0.93,1.43,0.67,0.69,2
6000,26.06,46.76,101.84,400,0,1.51,0.93,1.43,0.67,0.69,2
6500,26.08,46.64,101.84,411,0,1.51,0.93,1.42,0.66,0.68,2
7000,26.10,46.53,101.84,403,0,1.52,0.93,1.42,0.66,0.68,2
7500,26.11,46.40,101.84,410,0,1.51,0.93,1.42,0.66,0.68,2
8000,26.13,46.32,101.84,493,13,1.52,0.93,1.42,0.72,0.69,2
8500,26.16,46.24,101.84,817,118,1.55,0.94,1.47,1.24,0.94,2
9000,26.27,46.18,101.84,1182,261,1.60,0.95,1.54,1.52,1.04,2
9500,26.32,46.14,101.84,1081,405,1.62,0.95,1.57,1.42,0.99,2
10000,26.35,46.10,101.84,1056,479,1.63,0.95,1.58,1.38,1.22,2
10500,26.52,46.13,101.84,4364,2221,1.74,0.98,1.70,2.15,1.39,2
11000,26.75,46.19,101.84,4604,5320,1.79,1.01,1.77,1.99,1.29,2
11500,26.92,46.28,101.84,2320,4843,1.79,1.01,1.77,1.68,1.29,2
12000,27.03,46.37,101.84,1660,3830,1.79,1.01,1.77,1.55,1.40,2
12500,27.18,46.40,101.84,1428,3223,1.79,1.02,1.77,1.42,1.34,2
13000,27.26,46.40,101.84,1058,2771,1.78,1.03,1.77,1.25,1.21,2
13500,27.21,46.35,101.84,847,2240,1.77,1.02,1.75,1.04,1.14,2
14000,27.19,46.29,101.84,732,1833,1.76,1.02,1.74,1.05,1.09,2
14500,27.23,46.24,101.84,632,1450,1.75,1.01,1.73,0.99,1.07,2
15000,27.25,46.15,101.84,543,1210,1.73,1.01,1.72,0.89,1.03,2
15500,27.22,46.01,101.84,499,1022,1.73,1.01,1.70,0.85,1.04,2
16000,27.34,45.88,101.83,532,925,1.73,1.02,1.71,0.97,1.06,2
16500,27.49,45.80,101.83,856,1099,1.76,1.04,1.73,1.25,1.13,2
17000,27.82,45.75,101.84,897,1159,1.79,1.08,1.77,1.36,1.10,2
17500,27.98,45.70,101.84,772,1124,1.78,1.10,1.77,1.18,1.10,2
18000,28.03,45.60,101.84,752,1057,1.79,1.11,1.78,1.15,1.22,2
18500,28.19,45.48,101.84,835,1098,1.81,1.13,1.80,1.25,1.31,2
19000,28.42,45.38,101.83,1064,1188,1.85,1.17,1.84,1.46,1.37,2
19500,28.88,45.32,101.84,1364,1395,1.88,1.22,1.88,1.56,1.46,2
20000,29.36,45.24,101.84,1931,2037,1.94,1.29,1.95,1.70,1.53,2
20500,29.72,45.15,101.84,1929,2420,1.96,1.34,1.98,1.59,1.48,2
21000,29.92,44.94,101.84,1590,2450,1.97,1.36,2.00,1.40,1.43,2
21500,29.83,44.62,101.84,1067,2129,1.96,1.36,1.99,1.19,1.36,2
22000,29.89,44.29,101.84,858,1852,1.97,1.36,1.99,1.22,1.39,2
22500,29.91,43.95,101.84,766,1619,1.96,1.36,1.99,1.08,1.33,2
23000,29.92,43.58,101.84,794,1487,1.97,1.35,1.99,1.24,1.32,2
23500,29.98,43.24,101.84,732,1336,1.96,1.34,1.99,1.09,1.22,2
24000,29.91,42.88,101.84,683,1211,1.96,1.33,1.98,1.15,1.24,2
24500,30.22,42.61,101.84,794,1221,1.97,1.35,2.00,1.37,1.30,2
25000,30.70,42.42,101.84,1659,1766,2.02,1.39,2.05,1.84,1.40,2
25500,31.29,42.32,101.84,3635,3906,2.09,1.45,2.13,2.08,1.50,2
26000,31.76,42.15,101.84,2752,4512,2.11,1.49,2.16,1.88,1.50,2
26500,32.07,41.92,101.84,1984,4211,2.12,1.51,2.17,1.67,1.56,2
27000,32.42,41.65,101.84,2040,4312,2.14,1.54,2.19,1.73,1.61,2
27500,32.85,41.33,101.84,2207,4728,2.15,1.56,2.21,1.70,1.61,2
28000,33.02,40.94,101.84,2038,4853,2.16,1.57,2.22,1.60,1.69,2
28500,33.16,40.51,101.84,2079,4833,2.16,1.57,2.21,1.53,1.67,2
29000,33.36,40.08,101.84,2879,5791,2.17,1.58,2.23,1.71,1.75,2
29500,33.68,39.71,101.84,2896,6212,2.20,1.60,2.26,1.90,1.73,2
30000,34.01,39.36,101.84,4351,8590,2.23,1.62,2.29,2.07,1.76,2
30500,34.35,39.07,101.84,3753,8804,2.24,1.63,2.30,1.98,1.79,2
31000,34.63,38.72,101.84,3372,8466,2.24,1.64,2.31,1.82,1.79,2
31500,34.94,38.40,101.84,4258,9828,2.26,1.64,2.32,2.01,1.85,2
32000,35.38,38.08,101.84,4832,11539,2.26,1.65,2.33,1.90,1.90,2
32500,35.58,37.69,101.84,4163,11460,2.26,1.65,2.33,1.80,1.88,2
33000,35.77,37.27,101.84,3706,10526,2.27,1.65,2.33,1.85,1.94,2
33500,35.99,36.83,101.84,4047,10537,2.27,1.65,2.34,1.89,1.93,2
34000,36.53,36.48,101.85,3718,10413,2.28,1.66,2.35,1.84,1.92,2
34500,36.93,36.13,101.84,5475,12957,2.30,1.67,2.36,2.03,1.98,2
35000,37.38,35.81,101.84,7253,15501,2.31,1.68,2.38,2.03,2.04,2
35500,37.79,35.44,101.84,6176,15422,2.32,1.70,2.39,2.06,2.00,2
36000,38.16,35.11,101.84,5829,15141,2.32,1.70,2.39,1.95,2.14,2
36500,38.59,34.74,101.84,8551,20298,2.34,1.71,2.40,2.06,2.17,2
37000,39.04,34.35,101.84,7282,18868,2.34,1.72,2.40,2.06,2.14,2
37500,39.46,33.97,101.84,7914,21308,2.35,1.72,2.41,2.05,2.05,2
38000,39.73,33.53,101.84,6205,16707,2.35,1.72,2.41,1.96,2.09,2
38500,40.05,33.05,101.84,4631,14826,2.35,1.72,2.41,1.93,2.09,2
39000,40.46,32.61,101.84,6674,16143,2.36,1.73,2.43,2.13,2.11,2
39500,40.76,32.20,101.85,5452,15569,2.36,1.73,2.42,2.00,2.14,2
40000,41.03,31.75,101.84,6327,16233,2.36,1.73,2.43,2.05,2.11,2
40500,41.51,31.41,101.84,8441,21762,2.37,1.74,2.44,2.09,2.18,2
41000,41.98,31.08,101.84,7450,21099,2.37,1.74,2.44,2.04,2.12,2
41500,42.38,30.74,101.84,7937,22110,2.38,1.75,2.45,2.10,2.19,2
42000,42.74,30.31,101.84,5730,16777,2.38,1.74,2.44,1.94,2.17,2
42500,43.02,29.83,101.84,4732,15389,2.36,1.73,2.43,1.82,2.16,2
43000,42.94,29.23,101.84,4521,14387,2.36,1.72,2.41,1.76,2.21,2
43500,43.34,28.76,101.84,5742,15850,2.36,1.72,2.42,1.94,2.18,2
44000,43.74,28.39,101.84,7172,18624,2.37,1.72,2.43,1.98,2.19,2
44500,44.11,28.01,101.84,5881,16463,2.36,1.72,2.42,1.94,2.17,2
45000,44.25,27.53,101.84,4786,15310,2.35,1.71,2.41,1.85,2.15,2
45500,44.50,27.10,101.84,4972,15355,2.35,1.71,2.41,1.90,2.13,2
46000,45.03,26.74,101.84,4852,14995,2.36,1.71,2.41,1.97,2.13,2
46500,45.47,26.40,101.84,5725,15422,2.37,1.71,2.42,2.01,2.16,2
47000,45.88,26.09,101.84,7821,19844,2.37,1.73,2.43,2.08,2.18,2
47500,46.27,25.85,101.84,5962,17126,2.37,1.72,2.43,1.86,2.16,2
48000,46.62,25.48,101.84,7213,19600,2.37,1.72,2.43,1.93,2.18,2
48500,46.94,25.11,101.84,9217,24097,2.38,1.73,2.44,2.10,2.19,2
49000,47.05,24.78,101.84,6964,20576,2.37,1.72,2.43,1.93,2.28,2
49500,47.33,24.43,101.84,6808,20263,2.38,1.72,2.43,1.95,2.32,2
50000,47.69,24.16,101.84,9026,25143,2.39,1.74,2.45,2.10,2.29,2
50500,48.15,23.99,101.84,8539,25805,2.39,1.74,2.45,2.05,2.25,2
51000,48.57,23.76,101.84,6889,22110,2.38,1.73,2.44,1.87,2.33,2
51500,48.95,23.42,101.84,8203,23574,2.39,1.73,2.44,1.97,2.29,2
52000,49.36,23.03,101.84,6889,21030,2.37,1.72,2.42,1.78,2.34,2
52500,49.74,22.60,101.83,6906,20751,2.37,1.72,2.42,1.86,2.30,2
53000,50.10,22.27,101.84,6946,20681,2.38,1.72,2.43,1.96,2.29,2
53500,50.35,21.98,101.84,8226,24794,2.39,1.73,2.43,1.99,2.31,2
54000,50.53,21.59,101.84,8661,26014,2.39,1.72,2.43,1.99,2.28,2
54500,50.80,21.25,101.84,8887,27478,2.38,1.72,2.43,1.94,2.24,2
55000,50.89,20.80,101.84,7404,24411,2.38,1.71,2.43,1.86,2.25,2
55500,51.18,20.43,101.84,8696,26049,2.38,1.72,2.43,1.93,2.32,2
56000,51.38,20.11,101.84,8012,25735,2.37,1.71,2.42,1.86,2.22,2
56500,51.76,19.85,101.84,7352,23888,2.37,1.70,2.41,1.80,2.25,2
57000,51.98,19.54,101.84,5835,20054,2.36,1.70,2.41,1.71,2.18,2
57500,52.18,19.20,101.84,6535,21343,2.36,1.69,2.41,1.82,2.22,2
58000,52.41,18.95,101.84,6634,21134,2.36,1.69,2.40,1.85,2.31,2
58500,52.53,18.72,101.84,9628,28594,2.37,1.70,2.42,1.94,2.26,2
59000,52.76,18.55,101.83,8794,27583,2.37,1.70,2.42,1.89,2.38,2
59500,53.04,18.36,101.84,9008,28245,2.37,1.70,2.42,1.86,2.37,2
60000,53.32,18.16,101.84,9970,31069,2.38,1.71,2.43,1.98,2.34,2
60500,53.53,18.00,101.84,9634,30755,2.37,1.70,2.42,1.84,2.30,2
61000,53.70,17.77,101.84,8475,28350,2.37,1.70,2.42,1.84,2.24,2
61500,53.91,17.55,101.84,8365,27862,2.36,1.69,2.41,1.81,2.28,2
62000,54.09,17.34,101.84,7694,25735,2.36,1.69,2.41,1.83,2.22,2
62500,54.37,17.10,101.84,7016,24271,2.35,1.68,2.40,1.73,2.24,2
63000,54.59,16.80,101.83,7219,24202,2.35,1.67,2.39,1.68,2.24,2
63500,54.94,16.61,101.84,7995,26886,2.35,1.68,2.40,1.80,2.24,2
64000,55.16,16.46,101.83,7514,25596,2.35,1.67,2.39,1.75,2.32,2
64500,55.63,16.30,101.84,9848,30580,2.35,1.68,2.39,1.79,2.32,2
65000,55.83,16.11,101.84,8475,29744,2.35,1.68,2.39,1.74,2.31,2
65500,55.98,15.87,101.83,8585,29674,2.35,1.67,2.39,1.75,2.33,2
66000,56.05,15.65,101.84,9060,30371,2.35,1.67,2.39,1.78,2.34,2
66500,56.18,15.46,101.84,9228,30406,2.35,1.67,2.39,1.80,2.34,2
67000,56.52,15.33,101.83,9715,32881,2.35,1.68,2.40,1.83,2.29,2
67500,56.79,15.16,101.83,9848,32323,2.35,1.67,2.39,1.80,2.35,2
68000,57.08,15.03,101.82,10172,34101,2.35,1.68,2.40,1.83,2.44,2
68500,57.31,14.89,101.84,7358,28524,2.34,1.67,2.38,1.61,2.33,2
69000,57.37,14.63,101.83,8887,29918,2.34,1.66,2.37,1.68,2.30,2
69500,57.57,14.42,101.83,8696,30267,2.34,1.66,2.38,1.74,2.28,2
70000,57.81,14.32,101.83,8186,28977,2.35,1.66,2.38,1.81,2.34,2
70500,58.10,14.39,101.83,9975,33648,2.36,1.69,2.40,1.97,2.32,2
71000,57.95,14.28,101.82,10844,35112,2.36,1.68,2.40,1.84,2.28,2
71500,58.10,14.16,101.83,12938,39399,2.37,1.68,2.40,1.93,2.25,2
72000,58.33,14.07,101.82,15047,43059,2.37,1.68,2.41,1.93,2.31,2
72500,58.50,14.04,101.83,10966,38005,2.36,1.68,2.40,1.85,2.33,2
73000,58.82,13.96,101.82,10468,37413,2.37,1.69,2.41,1.92,2.39,2
73500,59.08,13.96,101.82,8661,32498,2.36,1.68,2.41,1.79,2.31,2
74000,59.07,13.79,101.83,7398,29605,2.36,1.67,2.40,1.80,2.40,2
74500,59.19,13.58,101.82,7891,29465,2.36,1.67,2.39,1.81,2.40,2
75000,59.46,13.48,101.82,9865,35217,2.37,1.68,2.40,1.88,2.44,2
75500,59.85,13.43,101.82,11620,38772,2.38,1.70,2.42,1.97,2.44,2
76000,60.22,13.32,101.82,11400,38877,2.36,1.68,2.41,1.76,2.32,2
76500,60.04,13.00,101.82,10804,37901,2.37,1.68,2.41,1.83,2.34,2
77000,60.40,12.97,101.82,10445,37691,2.37,1.69,2.41,1.93,2.28,2
77500,60.86,12.99,101.82,8927,34624,2.37,1.69,2.41,1.87,2.39,2
78000,60.99,12.87,101.82,10097,36715,2.37,1.69,2.41,1.86,2.38,2
78500,61.22,12.76,101.82,10114,36506,2.37,1.69,2.41,1.88,2.35,2
79000,61.36,12.63,101.82,10775,38633,2.39,1.70,2.42,1.97,2.43,2
79500,61.31,12.49,101.82,10184,37587,2.39,1.70,2.43,2.01,2.39,2
80000,61.38,12.41,101.82,9373,35774,2.37,1.69,2.42,1.82,2.48,2
80500,61.38,12.24,101.82,8470,33195,2.36,1.68,2.41,1.73,2.50,2
81000,61.52,12.13,101.82,10792,37622,2.38,1.69,2.41,1.90,2.54,2
81500,61.89,12.18,101.82,12772,42746,2.38,1.71,2.43,1.94,2.39,2
82000,62.14,12.15,101.81,12359,42537,2.39,1.71,2.43,1.91,2.41,2
82500,62.18,12.03,101.81,12511,43059,2.39,1.71,2.43,1.91,2.49,2
83000,62.45,11.96,101.81,14537,44628,2.39,1.71,2.43,1.89,2.57,2
83500,62.61,11.95,101.81,14523,45569,2.40,1.72,2.44,1.99,2.58,2
84000,62.75,11.79,101.82,12731,43896,2.39,1.71,2.43,1.77,2.53,2
84500,62.70,11.57,101.81,11892,43861,2.39,1.71,2.43,1.86,2.40,2
85000,62.95,11.45,101.81,11284,42432,2.39,1.71,2.42,1.87,2.43,2
85500,63.23,11.30,101.81,11881,43303,2.39,1.71,2.42,1.91,2.53,2
86000,63.66,11.34,101.81,14840,47103,2.40,1.73,2.44,1.99,2.53,2
86500,63.92,11.29,101.81,12235,44837,2.41,1.73,2.44,1.98,2.56,2
87000,64.25,11.33,101.81,11481,43234,2.41,1.74,2.45,1.97,2.52,2
87500,64.55,11.23,101.81,11226,42885,2.41,1.73,2.45,1.90,2.58,2
88000,64.82,11.08,101.80,11626,43025,2.41,1.73,2.44,1.86,2.56,2
88500,65.12,10.98,101.81,12745,45778,2.41,1.74,2.45,1.93,2.55,2
89000,65.12,10.69,101.80,10983,43094,2.40,1.73,2.44,1.80,2.51,2
89500,65.41,10.69,101.81,11093,43547,2.42,1.76,2.46,2.02,2.63,2
90000,65.86,10.66,101.80,9692,40410,2.41,1.74,2.45,1.88,2.69,2
90500,66.12,10.48,101.81,12828,45290,2.42,1.75,2.45,1.96,2.60,2
91000,66.18,10.31,101.80,11499,44767,2.40,1.74,2.44,1.77,2.61,2
91500,66.38,10.09,101.80,9367,39887,2.39,1.73,2.43,1.70,2.53,2
92000,66.76,9.92,101.80,9269,39330,2.39,1.73,2.42,1.69,2.60,2
92500,67.14,9.76,101.80,11852,44489,2.41,1.74,2.43,1.91,2.66,2
93000,67.11,9.59,101.80,11945,45709,2.41,1.74,2.43,1.83,2.63,2
93500,67.29,9.56,101.79,10555,42641,2.41,1.74,2.43,1.85,2.71,2
94000,67.83,9.57,101.79,14054,47207,2.42,1.75,2.44,1.92,2.77,2
94500,68.11,9.42,101.79,17817,51843,2.42,1.75,2.45,1.91,2.71,2
95000,68.32,9.33,101.79,14716,50066,2.43,1.77,2.45,1.96,2.75,2
95500,68.68,9.37,101.79,13076,47835,2.44,1.78,2.47,2.09,2.65,2
96000,68.95,9.40,101.79,11053,45813,2.43,1.77,2.46,1.91,2.73,2
96500,69.28,9.28,101.79,10780,44105,2.44,1.77,2.46,1.86,2.74,2
97000,69.59,9.19,101.79,12621,46789,2.44,1.78,2.46,1.86,2.76,2
97500,69.82,9.01,101.79,11429,45883,2.45,1.80,2.47,1.96,2.65,2
98000,69.78,8.79,101.79,14013,48393,2.45,1.79,2.47,1.99,2.72,2
98500,70.13,8.66,101.79,10456,44489,2.44,1.79,2.46,1.80,2.66,2
99000,70.27,8.48,101.79,10705,44698,2.44,1.79,2.46,1.87,2.83,2
99500,70.59,8.38,101.79,9292,41177,2.43,1.79,2.45,1.75,2.77,2
100000,70.92,8.35,101.79,9813,41839,2.45,1.80,2.46,1.89,2.86,2
100500,71.31,8.33,101.79,11475,45918,2.45,1.81,2.47,1.91,2.85,2
101000,71.49,8.19,101.79,12993,48602,2.46,1.81,2.47,1.97,2.76,2
101500,71.86,8.14,101.78,11846,47974,2.45,1.81,2.47,1.85,2.75,2
102000,72.09,8.08,101.78,11765,47451,2.45,1.81,2.47,1.84,2.88,2
102500,72.57,8.12,101.78,16549,52471,2.47,1.84,2.49,2.03,2.81,2
103000,72.79,8.14,101.78,12938,50205,2.47,1.84,2.50,1.97,2.86,2
103500,72.89,8.05,101.78,12152,49090,2.46,1.84,2.49,1.86,2.82,2
104000,73.15,7.91,101.78,11475,47591,2.46,1.84,2.49,1.87,2.83,2
104500,73.42,7.76,101.78,13324,50240,2.47,1.85,2.49,1.93,2.83,2
105000,73.92,7.74,101.78,15116,52087,2.49,1.87,2.51,2.07,2.83,2
105500,74.36,7.72,101.78,14468,51460,2.49,1.88,2.52,2.03,2.83,2
106000,74.46,7.59,101.78,17183,53900,2.50,1.89,2.53,2.09,2.78,2
106500,74.59,7.46,101.78,17335,54249,2.50,1.89,2.53,1.93,2.90,2
107000,74.79,7.26,101.78,14895,52680,2.50,1.89,2.52,1.88,2.84,2
107500,75.12,7.26,101.78,17735,55120,2.51,1.91,2.54,2.03,2.85,2
108000,75.47,7.25,101.78,17748,55399,2.51,1.91,2.53,1.87,2.84,2
108500,75.89,7.29,101.78,19540,57421,2.53,1.93,2.55,2.06,2.76,2
109000,76.13,7.30,101.78,20050,58571,2.54,1.95,2.56,2.11,2.85,2
109500,76.33,7.38,101.77,20505,59407,2.55,1.97,2.57,2.09,2.83,2
110000,76.33,7.15,101.77,13282,52819,2.53,1.95,2.55,1.87,2.66,2
110500,75.81,6.80,101.78,18259,56270,2.53,1.94,2.54,1.94,2.64,2
111000,75.54,6.68,101.78,11794,50972,2.51,1.94,2.54,1.83,2.44,2
111500,75.02,6.38,101.78,7694,42014,2.48,1.89,2.50,1.51,2.27,2
112000,73.89,6.00,101.79,6240,37273,2.45,1.85,2.47,1.39,2.15,2
112500,73.56,5.98,101.78,6535,37343,2.46,1.85,2.47,1.69,2.32,2
113000,73.89,6.23,101.78,8475,41735,2.48,1.88,2.49,1.87,2.55,2
113500,74.35,6.45,101.78,9605,43896,2.49,1.90,2.51,1.89,2.57,2
114000,74.41,6.45,101.78,17569,54458,2.51,1.92,2.53,1.98,2.49,2
114500,74.38,6.41,101.78,10392,47939,2.49,1.92,2.52,1.71,2.32,2
115000,74.02,6.24,101.78,9454,44140,2.49,1.90,2.51,1.76,2.36,2
115500,74.06,6.40,101.78,11788,47939,2.51,1.93,2.54,2.10,2.38,2
116000,74.20,6.86,101.78,27135,60000,2.56,1.99,2.59,2.24,2.33,2
116500,74.06,6.99,101.78,18769,57386,2.56,2.01,2.60,2.03,2.56,2
117000,73.62,6.78,101.78,9373,44105,2.53,1.96,2.56,1.65,2.25,2
117500,73.23,6.44,101.78,7555,39155,2.51,1.94,2.53,1.58,2.46,2
118000,73.69,6.41,101.78,7734,39051,2.51,1.93,2.53,1.73,2.63,2
118500,74.20,6.41,101.77,7734,39853,2.51,1.94,2.54,1.79,2.39,2
119000,74.34,6.29,101.78,8290,40898,2.50,1.93,2.53,1.80,2.48,2
119500,74.85,6.40,101.77,9570,43025,2.52,1.96,2.54,1.88,2.58,2
120000,75.24,6.45,101.77,9541,43722,2.54,1.98,2.55,1.98,2.56,2
120500,75.29,6.55,101.77,11811,48323,2.55,2.01,2.58,2.12,2.77,2
121000,75.65,6.65,101.77,10838,47242,2.56,2.03,2.59,2.02,2.72,2
121500,76.26,6.80,101.76,10294,46127,2.58,2.05,2.62,2.10,2.67,2
122000,76.61,6.71,101.77,10416,45360,2.58,2.06,2.62,2.03,2.59,2
122500,76.98,6.66,101.77,11394,47765,2.59,2.09,2.63,2.09,2.55,2
123000,77.14,6.59,101.77,11973,49055,2.61,2.12,2.65,2.14,2.67,2
123500,77.53,6.63,101.76,13972,51181,2.62,2.15,2.65,2.04,2.82,2
124000,77.73,6.57,101.76,16411,54074,2.62,2.15,2.65,1.99,2.79,2
124500,78.00,6.37,101.76,11724,50205,2.61,2.15,2.65,1.88,2.79,2
125000,78.15,6.17,101.76,11918,50379,2.62,2.16,2.65,1.97,2.79,2
125500,78.55,6.13,101.76,11250,48950,2.63,2.17,2.65,1.94,2.65,2
126000,78.88,6.04,101.76,11742,50728,2.64,2.18,2.66,1.95,2.81,2
126500,79.33,5.92,101.76,11898,50937,2.64,2.19,2.67,1.98,2.86,2
127000,79.59,5.89,101.76,12910,51669,2.65,2.23,2.68,2.00,2.79,2
127500,79.74,5.78,101.76,11696,50763,2.65,2.22,2.68,1.99,2.74,2
128000,80.28,5.90,101.75,17307,56166,2.69,2.27,2.71,2.14,2.88,2
128500,80.72,5.88,101.75,14675,55085,2.69,2.29,2.72,2.07,2.86,2
129000,81.28,5.85,101.75,16715,56026,2.70,2.30,2.73,2.06,2.92,2
129500,81.63,5.70,101.75,18755,59094,2.72,2.32,2.74,2.17,2.86,2
130000,82.24,5.74,101.74,16425,56654,2.72,2.34,2.75,2.09,2.91,2
130500,82.52,5.66,101.74,20533,60000,2.74,2.36,2.77,2.25,2.88,2
131000,82.57,5.63,101.74,21139,60000,2.75,2.38,2.78,2.26,2.87,2
131500,82.54,5.49,101.74,18493,59059,2.74,2.35,2.76,2.07,2.92,2
132000,82.68,5.37,101.74,18465,60000,2.74,2.35,2.76,2.06,2.85,2
132500,82.82,5.32,101.74,20616,60000,2.73,2.34,2.75,1.93,2.90,2
133000,83.29,5.35,101.73,19472,60000,2.75,2.38,2.78,2.14,2.87,2
133500,83.79,5.38,101.74,23910,60000,2.76,2.42,2.80,2.21,2.90,2
134000,83.84,5.18,101.73,19058,60000,2.76,2.42,2.80,2.08,2.89,2
134500,84.49,5.17,101.73,17900,60000,2.76,2.43,2.80,2.08,2.98,2
135000,84.61,5.03,101.73,18493,60000,2.77,2.43,2.80,2.05,2.90,2
135500,84.88,4.97,101.73,18727,60000,2.77,2.43,2.80,1.98,2.90,2
136000,84.99,4.70,101.73,20946,60000,2.77,2.43,2.80,2.02,2.96,2
136500,84.96,4.70,101.73,21608,60000,2.77,2.44,2.80,1.99,2.90,2
137000,85.09,4.75,101.73,22008,60000,2.79,2.47,2.82,2.14,2.80,2
137500,85.60,4.73,101.72,18824,60000,2.79,2.47,2.82,2.11,2.92,2
138000,85.88,4.68,101.72,21649,60000,2.80,2.49,2.83,2.09,2.87,2
138500,86.14,4.59,101.72,22394,60000,2.80,2.49,2.83,2.05,2.87,2
139000,86.30,4.55,101.72,18548,60000,2.79,2.49,2.83,1.98,2.93,2
139500,86.42,4.44,101.72,17928,60000,2.80,2.48,2.83,2.02,2.91,2
140000,86.69,4.35,101.72,23993,60000,2.80,2.48,2.83,2.04,3.03,2
140500,87.44,4.47,101.71,21470,60000,2.81,2.52,2.84,2.08,2.96,2
141000,87.74,4.34,101.72,23290,60000,2.82,2.52,2.84,2.10,3.00,2
141500,87.96,4.23,101.71,24241,60000,2.82,2.52,2.84,2.06,2.96,2
142000,88.35,4.30,101.71,26846,60000,2.84,2.55,2.87,2.22,2.94,2
142500,88.67,4.45,101.71,23979,60000,2.85,2.57,2.87,2.20,2.93,2
143000,88.91,4.41,101.70,24654,60000,2.85,2.57,2.87,2.19,2.91,2
143500,89.19,4.33,101.71,22835,60000,2.85,2.57,2.87,2.08,2.95,2
144000,89.52,4.32,101.70,27673,60000,2.86,2.58,2.88,2.17,2.90,2
144500,89.80,4.30,101.70,28599,60000,2.86,2.59,2.89,2.18,2.91,2
145000,90.06,4.14,101.70,27701,60000,2.86,2.60,2.89,2.14,2.86,2
145500,90.30,4.01,101.70,29852,60000,2.86,2.60,2.89,2.15,2.86,2
146000,90.14,3.89,101.70,29643,60000,2.86,2.61,2.89,2.13,2.84,2
146500,90.12,3.99,101.70,29852,60000,2.88,2.63,2.91,2.25,2.86,2
147000,90.12,3.95,101.69,50766,60000,2.89,2.65,2.92,2.31,2.89,2
147500,90.61,4.03,101.70,44232,60000,2.89,2.65,2.91,2.17,2.87,2
148000,90.82,4.00,101.69,45993,60000,2.89,2.64,2.91,2.22,2.91,2
148500,91.12,3.98,101.69,38086,60000,2.89,2.65,2.92,2.20,2.96,2
149000,91.13,3.81,101.69,32537,60000,2.88,2.64,2.91,2.12,2.89,2
149500,91.27,3.74,101.69,33492,60000,2.89,2.66,2.92,2.18,2.98,2
150000,91.50,3.83,101.69,38743,60000,2.90,2.68,2.93,2.18,2.84,2
150500,91.71,3.79,101.69,30120,60000,2.90,2.68,2.93,2.15,2.82,2
151000,91.95,3.88,101.69,32895,60000,2.91,2.69,2.94,2.27,2.87,2
151500,92.37,3.83,101.68,35938,60000,2.91,2.68,2.94,2.19,2.81,2
152000,92.63,3.87,101.68,43815,60000,2.92,2.70,2.95,2.27,2.80,2
152500,92.79,3.73,101.68,38922,60000,2.92,2.70,2.95,2.20,2.73,2
153000,93.02,3.72,101.68,37341,60000,2.92,2.70,2.95,2.23,2.76,2
153500,93.09,3.73,101.68,40324,60000,2.92,2.70,2.95,2.23,2.77,2
154000,92.70,3.55,101.69,34297,60000,2.92,2.69,2.95,2.17,2.73,2
154500,92.57,3.38,101.68,32000,60000,2.91,2.68,2.94,2.05,2.70,2
155000,92.35,3.29,101.68,26115,60000,2.90,2.66,2.93,2.00,2.75,2
155500,92.04,3.23,101.69,24958,60000,2.89,2.66,2.93,2.01,2.74,2
156000,92.14,3.42,101.68,25605,60000,2.91,2.68,2.95,2.16,2.70,2
156500,92.46,3.53,101.68,24255,60000,2.91,2.68,2.95,2.10,2.71,2
157000,92.71,3.43,101.68,22559,60000,2.91,2.68,2.95,2.13,2.78,2
157500,93.25,3.58,101.68,22876,60000,2.92,2.69,2.95,2.17,2.80,2
158000,93.54,3.57,101.68,26515,60000,2.92,2.70,2.95,2.18,2.84,2
158500,93.72,3.54,101.67,28004,60000,2.93,2.72,2.96,2.19,2.80,2
159000,93.62,3.34,101.67,26557,60000,2.93,2.71,2.96,2.21,2.79,2
159500,93.58,3.36,101.67,27894,60000,2.93,2.72,2.96,2.17,2.72,2
160000,93.31,3.22,101.68,26047,60000,2.92,2.70,2.95,2.04,2.78,2
160500,93.43,3.22,101.67,26570,60000,2.93,2.71,2.95,2.23,2.82,2
161000,93.81,3.36,101.67,28252,60000,2.94,2.74,2.97,2.27,2.85,2
161500,94.28,3.40,101.67,28087,60000,2.94,2.74,2.97,2.15,2.88,2
162000,94.69,3.35,101.67,25550,60000,2.95,2.75,2.97,2.19,2.78,2
162500,94.99,3.29,101.66,25674,60000,2.94,2.75,2.97,2.11,2.74,2
163000,95.07,3.18,101.67,23965,60000,2.93,2.73,2.97,2.14,2.74,2
163500,95.35,3.21,101.67,23648,60000,2.94,2.75,2.97,2.20,2.80,2
164000,95.43,3.14,101.67,25978,60000,2.94,2.74,2.97,2.18,2.72,2
164500,95.45,3.06,101.67,24985,60000,2.94,2.75,2.97,2.13,2.68,2
165000,95.36,3.10,101.66,25688,60000,2.95,2.76,2.98,2.16,2.76,2
165500,95.56,3.01,101.66,26184,60000,2.95,2.76,2.98,2.17,2.86,2
166000,95.65,2.90,101.66,26019,60000,2.95,2.76,2.98,2.17,2.63,2
166500,95.21,2.73,101.67,23841,60000,2.93,2.73,2.96,1.94,2.57,2
167000,94.74,2.62,101.66,26047,60000,2.93,2.71,2.96,2.05,2.68,2
167500,94.53,2.63,101.67,22242,60000,2.93,2.71,2.95,2.01,2.66,2
168000,94.68,2.79,101.66,26143,60000,2.95,2.74,2.97,2.16,2.66,2
168500,94.58,2.68,101.67,22545,60000,2.92,2.71,2.95,1.90,2.28,2
169000,93.42,2.38,101.68,15198,60000,2.89,2.64,2.92,1.67,2.14,2
169500,92.04,2.23,101.68,10578,60000,2.86,2.58,2.90,1.56,2.14,2
170000,91.49,2.38,101.68,19099,60000,2.89,2.60,2.91,1.91,2.51,2
170500,91.92,2.97,101.67,22022,60000,2.92,2.70,2.96,2.17,2.66,2
171000,92.29,3.02,101.67,19665,60000,2.92,2.68,2.95,2.01,2.57,2
171500,92.25,2.89,101.68,19017,60000,2.91,2.68,2.95,1.90,2.47,2
172000,91.62,2.74,101.68,20257,60000,2.92,2.69,2.95,2.00,2.31,2
172500,90.73,2.66,101.68,14937,60000,2.90,2.66,2.94,1.76,2.23,2
173000,89.70,2.54,101.69,11545,60000,2.87,2.61,2.92,1.63,2.20,2
173500,89.12,2.55,101.69,10346,60000,2.87,2.59,2.91,1.73,2.22,2
174000,88.95,2.82,101.68,12207,60000,2.89,2.63,2.93,2.12,2.27,2
174500,89.52,3.38,101.68,21649,60000,2.92,2.69,2.96,2.22,2.36,2
175000,90.41,3.72,101.68,23304,60000,2.94,2.75,2.98,2.30,2.58,2
175500,91.43,3.75,101.67,26143,60000,2.95,2.77,3.00,2.31,2.45,2
176000,91.60,3.64,101.68,24958,60000,2.95,2.76,2.99,2.14,2.58,2
176500,91.26,3.45,101.68,25840,60000,2.95,2.76,2.99,2.13,2.53,2
177000,91.40,3.59,101.68,27949,60000,2.97,2.82,3.02,2.37,2.58,2
177500,91.74,3.71,101.68,30359,60000,2.99,2.85,3.02,2.36,2.57,2
178000,91.60,3.40,101.68,21649,60000,2.96,2.79,3.00,2.15,2.45,2
178500,91.58,3.43,101.68,24420,60000,2.97,2.82,3.01,2.41,2.47,2
179000,91.93,3.49,101.68,23400,60000,2.97,2.81,3.01,2.30,2.62,2
179500,92.62,3.46,101.67,23414,60000,2.96,2.80,3.00,2.18,2.56,3
180000,93.03,3.42,101.67,21980,60000,2.97,2.82,3.01,2.24,2.55,3
180500,93.33,3.37,101.67,22077,60000,2.98,2.82,3.01,2.28,2.64,3
181000,93.04,3.01,101.68,17087,60000,2.96,2.79,3.00,2.00,2.43,3
181500,91.90,2.61,101.68,12800,60000,2.94,2.73,2.97,1.81,2.20,3
182000,90.78,2.40,101.69,8910,56793,2.90,2.66,2.94,1.61,2.06,3
182500,90.19,2.48,101.68,15281,60000,2.93,2.69,2.96,1.96,2.28,3
183000,90.58,2.97,101.68,21911,60000,2.95,2.75,2.98,2.10,2.28,3
183500,90.44,2.93,101.69,16218,60000,2.94,2.74,2.98,1.93,2.13,3
184000,89.69,2.68,101.69,9472,57386,2.91,2.66,2.95,1.64,1.93,3
184500,88.63,2.49,101.69,9280,56479,2.89,2.62,2.93,1.68,2.03,3
185000,88.96,3.09,101.68,22504,60000,2.95,2.75,2.99,2.24,2.21,3
185500,89.31,3.31,101.69,21126,60000,2.95,2.77,2.99,2.16,2.41,3
186000,89.73,3.36,101.68,23676,60000,2.96,2.79,3.00,2.11,2.47,3
186500,90.24,3.57,101.68,26998,60000,2.99,2.85,3.03,2.46,2.47,3
187000,90.74,3.72,101.68,20202,60000,2.98,2.84,3.03,2.25,2.35,3
187500,90.57,3.34,101.68,17294,60000,2.96,2.80,3.01,2.02,2.45,3
188000,90.55,3.25,101.68,22587,60000,2.98,2.83,3.02,2.24,2.51,3
188500,90.81,3.19,101.68,21732,60000,2.97,2.82,3.02,2.14,2.52,3
189000,90.80,3.02,101.68,16811,60000,2.96,2.79,3.00,1.99,2.52,3
189500,91.13,3.09,101.68,17583,60000,2.98,2.82,3.01,2.21,2.50,3
190000,91.60,3.09,101.67,17073,60000,2.97,2.81,3.00,2.03,2.52,3
190500,92.18,3.33,101.67,20230,60000,2.99,2.85,3.02,2.23,2.45,3
191000,92.51,3.23,101.67,23731,60000,3.00,2.85,3.02,2.17,2.59,3
191500,93.18,3.19,101.66,25674,60000,3.00,2.86,3.03,2.20,2.68,3
192000,93.71,3.17,101.66,24723,60000,3.01,2.87,3.03,2.21,2.70,3
192500,94.25,3.14,101.66,25688,60000,3.01,2.87,3.03,2.25,2.69,3
193000,94.64,3.08,101.66,27521,60000,3.01,2.88,3.04,2.23,2.73,3
193500,95.08,3.08,101.66,25743,60000,3.02,2.90,3.04,2.29,2.75,3
194000,95.51,3.05,101.66,25537,60000,3.02,2.90,3.05,2.28,2.73,3
194500,96.08,3.13,101.66,26515,60000,3.02,2.92,3.06,2.34,2.76,3
195000,96.37,2.97,101.65,26929,60000,3.03,2.92,3.06,2.43,2.66,3
195500,96.63,3.07,101.66,27067,60000,3.03,2.92,3.06,2.37,2.62,3
196000,96.62,2.96,101.65,25454,60000,3.02,2.90,3.05,2.31,2.62,3
196500,96.71,2.91,101.66,24379,60000,3.02,2.89,3.05,2.23,2.64,3
197000,96.84,2.80,101.65,23634,60000,3.01,2.88,3.05,2.21,2.63,3
197500,97.36,2.90,101.65,26474,60000,3.02,2.91,3.05,2.28,2.68,3
198000,98.06,3.10,104.34,31672,60000,3.05,2.94,3.07,2.48,2.64,3
198500,98.53,3.10,104.34,32985,60000,3.05,2.95,3.08,2.52,2.59,3
199000,98.76,2.90,104.34,26874,60000,3.04,2.93,3.06,2.32,2.57,3
199500,98.72,2.69,104.34,26501,60000,3.03,2.93,3.06,2.33,2.63,3
200000,98.66,2.54,104.33,24778,60000,3.03,2.92,3.06,2.31,2.61,3
200500,98.53,2.58,104.34,25054,60000,3.03,2.91,3.06,2.30,2.66,3
201000,98.93,2.64,104.34,25040,60000,3.02,2.91,3.06,2.26,2.64,3
201500,99.23,2.57,104.33,23469,60000,3.03,2.91,3.06,2.24,2.61,3
202000,99.32,2.58,104.33,23331,60000,3.03,2.92,3.06,2.32,2.67,3
202500,99.55,2.59,104.33,23552,60000,3.03,2.92,3.06,2.24,2.67,3
203000,99.47,2.48,104.33,22835,60000,3.03,2.92,3.06,2.24,2.57,3
203500,99.53,2.40,104.33,23028,60000,3.03,2.91,3.06,2.29,2.65,3
204000,100.21,2.53,104.33,24985,60000,3.03,2.92,3.06,2.30,2.65,3
204500,100.55,2.42,104.33,24696,60000,3.03,2.92,3.06,2.23,2.63,3
205000,100.79,2.54,104.33,26874,60000,3.04,2.93,3.07,2.34,2.64,3
205500,101.36,2.58,104.32,32269,60000,3.05,2.95,3.07,2.40,2.67,3
206000,101.71,2.55,104.32,37311,60000,3.05,2.96,3.08,2.41,2.68,3
206500,102.18,2.59,104.32,35282,60000,3.05,2.96,3.08,2.41,2.60,3
207000,102.18,2.42,104.32,27976,60000,3.04,2.95,3.07,2.29,2.56,3
207500,101.99,2.29,104.32,29703,60000,3.05,2.95,3.07,2.32,2.57,3
208000,102.02,2.27,104.32,25164,60000,3.05,2.95,3.07,2.30,2.56,3
208500,101.93,2.31,104.32,26667,60000,3.05,2.95,3.08,2.42,2.45,3
209000,102.08,2.36,104.33,24516,60000,3.04,2.94,3.07,2.36,2.42,3
209500,101.50,1.97,104.33,19857,60000,3.02,2.89,3.05,2.11,2.23,3
210000,100.04,1.70,104.33,12345,60000,2.99,2.83,3.03,1.91,2.09,3
210500,99.28,1.86,104.32,16604,60000,3.00,2.85,3.04,2.19,2.30,3
211000,99.77,2.32,104.32,22614,60000,3.04,2.92,3.07,2.42,2.36,3
211500,100.35,2.51,104.32,26750,60000,3.04,2.94,3.07,2.40,2.47,3
212000,101.00,2.56,104.32,34029,60000,3.05,2.96,3.08,2.46,2.54,3
212500,101.55,2.43,104.32,29375,60000,3.05,2.95,3.08,2.34,2.63,3
213000,101.89,2.38,104.32,33939,60000,3.06,2.97,3.09,2.43,2.67,3
213500,102.19,2.27,104.32,31911,60000,3.05,2.97,3.08,2.35,2.74,3
214000,102.25,2.25,104.32,33223,60000,3.06,2.96,3.08,2.37,2.69,3
214500,102.75,2.35,104.32,34506,60000,3.06,2.97,3.08,2.43,2.67,3
215000,102.74,2.26,104.32,31970,60000,3.05,2.95,3.08,2.34,2.68,3
215500,102.99,2.26,104.32,31612,60000,3.05,2.97,3.08,2.39,2.70,3
216000,103.65,2.24,104.32,28211,60000,3.05,2.97,3.08,2.34,2.61,3
216500,103.86,2.23,104.32,32179,60000,3.06,2.98,3.09,2.48,2.67,3
217000,104.20,2.22,104.31,33432,60000,3.06,2.98,3.09,2.40,2.79,3
217500,104.38,2.07,104.32,33313,60000,3.06,2.98,3.08,2.35,2.73,3
218000,104.59,2.11,104.32,37907,60000,3.07,3.00,3.09,2.44,2.70,3
218500,104.86,2.08,104.31,51214,60000,3.07,3.00,3.10,2.49,2.74,3
219000,105.15,2.14,104.31,45247,60000,3.08,3.01,3.10,2.51,2.72,3
219500,105.58,2.23,104.31,40712,60000,3.08,3.01,3.10,2.55,2.79,3
220000,105.90,2.20,104.32,39996,60000,3.08,3.01,3.10,2.52,2.77,3
220500,106.16,2.09,104.31,41070,60000,3.08,3.01,3.10,2.53,2.72,3
221000,106.43,2.12,104.31,38265,60000,3.08,3.02,3.10,2.55,2.70,3
221500,106.59,2.00,104.31,37072,60000,3.08,3.01,3.10,2.46,2.71,3
222000,106.76,1.98,104.31,41428,60000,3.07,3.00,3.09,2.42,2.74,3
222500,106.67,2.00,104.31,38265,60000,3.08,3.02,3.10,2.50,2.67,3
223000,106.70,2.01,104.31,37818,60000,3.08,3.01,3.10,2.45,2.63,3
223500,106.77,1.97,104.31,34327,60000,3.07,3.01,3.10,2.45,2.66,3
224000,106.80,1.90,104.31,35312,60000,3.08,3.01,3.10,2.48,2.69,3
224500,107.03,1.85,104.31,40205,60000,3.08,3.00,3.10,2.42,2.68,3
225000,106.88,1.78,104.31,48559,60000,3.08,3.01,3.10,2.48,2.70,3
225500,106.86,1.80,104.31,42890,60000,3.08,3.02,3.11,2.49,2.63,3
226000,106.87,1.82,104.31,55898,60000,3.10,3.04,3.12,2.65,2.59,3
226500,106.23,1.67,104.31,51840,60000,3.08,3.02,3.11,2.49,2.37,3
227000,106.09,1.62,104.31,38862,60000,3.07,2.99,3.10,2.34,2.37,3
227500,106.37,1.50,104.30,33253,60000,3.06,2.96,3.08,2.25,2.32,3
228000,107.01,1.59,104.31,32776,60000,3.05,2.96,3.08,2.27,2.26,3
228500,106.73,1.44,104.31,25192,60000,3.04,2.92,3.07,2.11,2.11,3
229000,105.62,1.33,104.31,22669,60000,3.03,2.91,3.07,2.10,1.98,3
229500,104.75,1.20,104.31,16522,60000,3.01,2.86,3.05,1.90,1.84,3
230000,104.45,1.09,104.31,12621,60000,2.99,2.83,3.03,1.81,1.75,3
230500,103.94,1.04,104.31,10896,60000,2.98,2.80,3.02,1.74,1.68,3
231000,103.79,1.04,104.31,9721,60000,2.97,2.79,3.01,1.68,1.62,3
231500,103.60,1.00,104.31,8956,60000,2.95,2.77,3.00,1.64,1.56,3